input_text,target_output
I am confused between job and higher studies because my family needs money,"Because your family needs financial support, starting with a stable job while gradually preparing for higher studies may be the most practical decision. This reduces immediate financial pressure while protecting your long-term academic goals."
I am stressed about exams and cannot focus properly,"Your studies should remain the priority right now. Create a realistic study timetable, reduce distractions, and take small daily goals instead of thinking about everything at once. Consistency will reduce stress and improve confidence."
Relationship stress is affecting my studies badly,"Emotional stability is important before academic performance improves. Take time to organize your thoughts, speak to a trusted mentor or counselor, and protect your mental peace so your studies do not suffer further."
I want to study abroad but finances are weak,"Higher studies abroad are still possible with proper planning. Focus on scholarships, entrance preparation, and financial planning step by step instead of giving up early. Strong preparation can create opportunities even with limited finances."
I feel mentally exhausted and confused about my future,"Before making major life decisions, emotional clarity is necessary. Slow down, reduce pressure, and talk to a mentor, counselor, or trusted person. Better decisions come when your mind is stable and clear."
"Lately, I need a stable job while preparing for masters.",A balanced approach is often the safest path. Taking a stable job while preparing gradually for higher studies can help you support immediate financial needs without sacrificing long-term career growth.
"Recently, I need a stable job while preparing for masters.",A balanced approach is often the safest path. Taking a stable job while preparing gradually for higher studies can help you support immediate financial needs without sacrificing long-term career growth.
"Currently, I need a stable job while preparing for masters.",A balanced approach is often the safest path. Taking a stable job while preparing gradually for higher studies can help you support immediate financial needs without sacrificing long-term career growth.
"These days, I need a stable job while preparing for masters.",A balanced approach is often the safest path. Taking a stable job while preparing gradually for higher studies can help you support immediate financial needs without sacrificing long-term career growth.
"Right now, I need a stable job while preparing for masters.",A balanced approach is often the safest path. Taking a stable job while preparing gradually for higher studies can help you support immediate financial needs without sacrificing long-term career growth.
"Honestly, I need a stable job while preparing for masters.",A balanced approach is often the safest path. Taking a stable job while preparing gradually for higher studies can help you support immediate financial needs without sacrificing long-term career growth.
"Because of family pressure, I need a stable job while preparing for masters.",A balanced approach is often the safest path. Taking a stable job while preparing gradually for higher studies can help you support immediate financial needs without sacrificing long-term career growth.
"Due to stress, I need a stable job while preparing for masters.",A balanced approach is often the safest path. Taking a stable job while preparing gradually for higher studies can help you support immediate financial needs without sacrificing long-term career growth.
"For the past few months, I need a stable job while preparing for masters.",A balanced approach is often the safest path. Taking a stable job while preparing gradually for higher studies can help you support immediate financial needs without sacrificing long-term career growth.
"At this stage, I need a stable job while preparing for masters.",A balanced approach is often the safest path. Taking a stable job while preparing gradually for higher studies can help you support immediate financial needs without sacrificing long-term career growth.
"Lately, My family expects me to earn soon but I want to continue studying.","Family responsibilities are important, but your future growth matters too. Start with practical financial support through work while keeping a clear roadmap for continued education and skill development."
"Recently, My family expects me to earn soon but I want to continue studying.","Family responsibilities are important, but your future growth matters too. Start with practical financial support through work while keeping a clear roadmap for continued education and skill development."
"Currently, My family expects me to earn soon but I want to continue studying.","Family responsibilities are important, but your future growth matters too. Start with practical financial support through work while keeping a clear roadmap for continued education and skill development."
"These days, My family expects me to earn soon but I want to continue studying.","Family responsibilities are important, but your future growth matters too. Start with practical financial support through work while keeping a clear roadmap for continued education and skill development."
"Right now, My family expects me to earn soon but I want to continue studying.","Family responsibilities are important, but your future growth matters too. Start with practical financial support through work while keeping a clear roadmap for continued education and skill development."
"Honestly, My family expects me to earn soon but I want to continue studying.","Family responsibilities are important, but your future growth matters too. Start with practical financial support through work while keeping a clear roadmap for continued education and skill development."
"Because of family pressure, My family expects me to earn soon but I want to continue studying.","Family responsibilities are important, but your future growth matters too. Start with practical financial support through work while keeping a clear roadmap for continued education and skill development."
"Due to stress, My family expects me to earn soon but I want to continue studying.","Family responsibilities are important, but your future growth matters too. Start with practical financial support through work while keeping a clear roadmap for continued education and skill development."
"For the past few months, My family expects me to earn soon but I want to continue studying.","Family responsibilities are important, but your future growth matters too. Start with practical financial support through work while keeping a clear roadmap for continued education and skill development."
"At this stage, My family expects me to earn soon but I want to continue studying.","Family responsibilities are important, but your future growth matters too. Start with practical financial support through work while keeping a clear roadmap for continued education and skill development."
"Lately, Exam pressure and financial stress are both affecting me.","This situation needs balance, not extreme decisions. Protect your studies while finding manageable financial support. Small practical steps reduce pressure better than rushed decisions."
"Recently, Exam pressure and financial stress are both affecting me.","This situation needs balance, not extreme decisions. Protect your studies while finding manageable financial support. Small practical steps reduce pressure better than rushed decisions."
"Currently, Exam pressure and financial stress are both affecting me.","This situation needs balance, not extreme decisions. Protect your studies while finding manageable financial support. Small practical steps reduce pressure better than rushed decisions."
"These days, Exam pressure and financial stress are both affecting me.","This situation needs balance, not extreme decisions. Protect your studies while finding manageable financial support. Small practical steps reduce pressure better than rushed decisions."
"Right now, Exam pressure and financial stress are both affecting me.","This situation needs balance, not extreme decisions. Protect your studies while finding manageable financial support. Small practical steps reduce pressure better than rushed decisions."
"Honestly, Exam pressure and financial stress are both affecting me.","This situation needs balance, not extreme decisions. Protect your studies while finding manageable financial support. Small practical steps reduce pressure better than rushed decisions."
"Because of family pressure, Exam pressure and financial stress are both affecting me.","This situation needs balance, not extreme decisions. Protect your studies while finding manageable financial support. Small practical steps reduce pressure better than rushed decisions."
"Due to stress, Exam pressure and financial stress are both affecting me.","This situation needs balance, not extreme decisions. Protect your studies while finding manageable financial support. Small practical steps reduce pressure better than rushed decisions."
"For the past few months, Exam pressure and financial stress are both affecting me.","This situation needs balance, not extreme decisions. Protect your studies while finding manageable financial support. Small practical steps reduce pressure better than rushed decisions."
"At this stage, Exam pressure and financial stress are both affecting me.","This situation needs balance, not extreme decisions. Protect your studies while finding manageable financial support. Small practical steps reduce pressure better than rushed decisions."
"Lately, I feel anxious about career growth and future stability.","Do not try to solve your whole life at once. Focus first on short-term stability, skill improvement, and emotional clarity. Long-term career growth becomes easier when the foundation is strong."
"Recently, I feel anxious about career growth and future stability.","Do not try to solve your whole life at once. Focus first on short-term stability, skill improvement, and emotional clarity. Long-term career growth becomes easier when the foundation is strong."
"Currently, I feel anxious about career growth and future stability.","Do not try to solve your whole life at once. Focus first on short-term stability, skill improvement, and emotional clarity. Long-term career growth becomes easier when the foundation is strong."
"These days, I feel anxious about career growth and future stability.","Do not try to solve your whole life at once. Focus first on short-term stability, skill improvement, and emotional clarity. Long-term career growth becomes easier when the foundation is strong."
"Right now, I feel anxious about career growth and future stability.","Do not try to solve your whole life at once. Focus first on short-term stability, skill improvement, and emotional clarity. Long-term career growth becomes easier when the foundation is strong."
"Honestly, I feel anxious about career growth and future stability.","Do not try to solve your whole life at once. Focus first on short-term stability, skill improvement, and emotional clarity. Long-term career growth becomes easier when the foundation is strong."
"Because of family pressure, I feel anxious about career growth and future stability.","Do not try to solve your whole life at once. Focus first on short-term stability, skill improvement, and emotional clarity. Long-term career growth becomes easier when the foundation is strong."
"Due to stress, I feel anxious about career growth and future stability.","Do not try to solve your whole life at once. Focus first on short-term stability, skill improvement, and emotional clarity. Long-term career growth becomes easier when the foundation is strong."
"For the past few months, I feel anxious about career growth and future stability.","Do not try to solve your whole life at once. Focus first on short-term stability, skill improvement, and emotional clarity. Long-term career growth becomes easier when the foundation is strong."
"At this stage, I feel anxious about career growth and future stability.","Do not try to solve your whole life at once. Focus first on short-term stability, skill improvement, and emotional clarity. Long-term career growth becomes easier when the foundation is strong."
"Lately, Why should I choose higher studies.","Higher studies can improve specialization, career growth, and long-term professional opportunities. If your academic interest is strong and you can plan finances well, it can become a powerful long-term investment."
"Recently, Why should I choose higher studies.","Higher studies can improve specialization, career growth, and long-term professional opportunities. If your academic interest is strong and you can plan finances well, it can become a powerful long-term investment."
"Currently, Why should I choose higher studies.","Higher studies can improve specialization, career growth, and long-term professional opportunities. If your academic interest is strong and you can plan finances well, it can become a powerful long-term investment."
"These days, Why should I choose higher studies.","Higher studies can improve specialization, career growth, and long-term professional opportunities. If your academic interest is strong and you can plan finances well, it can become a powerful long-term investment."
"Right now, Why should I choose higher studies.","Higher studies can improve specialization, career growth, and long-term professional opportunities. If your academic interest is strong and you can plan finances well, it can become a powerful long-term investment."
"Honestly, Why should I choose higher studies.","Higher studies can improve specialization, career growth, and long-term professional opportunities. If your academic interest is strong and you can plan finances well, it can become a powerful long-term investment."
"Because of family pressure, Why should I choose higher studies.","Higher studies can improve specialization, career growth, and long-term professional opportunities. If your academic interest is strong and you can plan finances well, it can become a powerful long-term investment."
"Due to stress, Why should I choose higher studies.","Higher studies can improve specialization, career growth, and long-term professional opportunities. If your academic interest is strong and you can plan finances well, it can become a powerful long-term investment."
"For the past few months, Why should I choose higher studies.","Higher studies can improve specialization, career growth, and long-term professional opportunities. If your academic interest is strong and you can plan finances well, it can become a powerful long-term investment."
"At this stage, Why should I choose higher studies.","Higher studies can improve specialization, career growth, and long-term professional opportunities. If your academic interest is strong and you can plan finances well, it can become a powerful long-term investment."
"I am facing study pressure, money problems, and career confusion situation 1","A balanced plan is the best decision here. Maintain academic progress, support financial needs with practical work if necessary, and avoid rushed emotional decisions. Clear priorities and gradual planning create stronger long-term success."
"I am facing study pressure, money problems, and career confusion situation 2","A balanced plan is the best decision here. Maintain academic progress, support financial needs with practical work if necessary, and avoid rushed emotional decisions. Clear priorities and gradual planning create stronger long-term success."
"I am facing study pressure, money problems, and career confusion situation 3","A balanced plan is the best decision here. Maintain academic progress, support financial needs with practical work if necessary, and avoid rushed emotional decisions. Clear priorities and gradual planning create stronger long-term success."
"I am facing study pressure, money problems, and career confusion situation 4","A balanced plan is the best decision here. Maintain academic progress, support financial needs with practical work if necessary, and avoid rushed emotional decisions. Clear priorities and gradual planning create stronger long-term success."
"I am facing study pressure, money problems, and career confusion situation 5","A balanced plan is the best decision here. Maintain academic progress, support financial needs with practical work if necessary, and avoid rushed emotional decisions. Clear priorities and gradual planning create stronger long-term success."
"I am facing study pressure, money problems, and career confusion situation 6","A balanced plan is the best decision here. Maintain academic progress, support financial needs with practical work if necessary, and avoid rushed emotional decisions. Clear priorities and gradual planning create stronger long-term success."
"I am facing study pressure, money problems, and career confusion situation 7","A balanced plan is the best decision here. Maintain academic progress, support financial needs with practical work if necessary, and avoid rushed emotional decisions. Clear priorities and gradual planning create stronger long-term success."
"I am facing study pressure, money problems, and career confusion situation 8","A balanced plan is the best decision here. Maintain academic progress, support financial needs with practical work if necessary, and avoid rushed emotional decisions. Clear priorities and gradual planning create stronger long-term success."
"I am facing study pressure, money problems, and career confusion situation 9","A balanced plan is the best decision here. Maintain academic progress, support financial needs with practical work if necessary, and avoid rushed emotional decisions. Clear priorities and gradual planning create stronger long-term success."
"I am facing study pressure, money problems, and career confusion situation 10","A balanced plan is the best decision here. Maintain academic progress, support financial needs with practical work if necessary, and avoid rushed emotional decisions. Clear priorities and gradual planning create stronger long-term success."
"I am facing study pressure, money problems, and career confusion situation 11","A balanced plan is the best decision here. Maintain academic progress, support financial needs with practical work if necessary, and avoid rushed emotional decisions. Clear priorities and gradual planning create stronger long-term success."
"I am facing study pressure, money problems, and career confusion situation 12","A balanced plan is the best decision here. Maintain academic progress, support financial needs with practical work if necessary, and avoid rushed emotional decisions. Clear priorities and gradual planning create stronger long-term success."
"I am facing study pressure, money problems, and career confusion situation 13","A balanced plan is the best decision here. Maintain academic progress, support financial needs with practical work if necessary, and avoid rushed emotional decisions. Clear priorities and gradual planning create stronger long-term success."
"I am facing study pressure, money problems, and career confusion situation 14","A balanced plan is the best decision here. Maintain academic progress, support financial needs with practical work if necessary, and avoid rushed emotional decisions. Clear priorities and gradual planning create stronger long-term success."
"I am facing study pressure, money problems, and career confusion situation 15","A balanced plan is the best decision here. Maintain academic progress, support financial needs with practical work if necessary, and avoid rushed emotional decisions. Clear priorities and gradual planning create stronger long-term success."
"I am facing study pressure, money problems, and career confusion situation 16","A balanced plan is the best decision here. Maintain academic progress, support financial needs with practical work if necessary, and avoid rushed emotional decisions. Clear priorities and gradual planning create stronger long-term success."
"I am facing study pressure, money problems, and career confusion situation 17","A balanced plan is the best decision here. Maintain academic progress, support financial needs with practical work if necessary, and avoid rushed emotional decisions. Clear priorities and gradual planning create stronger long-term success."
"I am facing study pressure, money problems, and career confusion situation 18","A balanced plan is the best decision here. Maintain academic progress, support financial needs with practical work if necessary, and avoid rushed emotional decisions. Clear priorities and gradual planning create stronger long-term success."
"I am facing study pressure, money problems, and career confusion situation 19","A balanced plan is the best decision here. Maintain academic progress, support financial needs with practical work if necessary, and avoid rushed emotional decisions. Clear priorities and gradual planning create stronger long-term success."
"I am facing study pressure, money problems, and career confusion situation 20","A balanced plan is the best decision here. Maintain academic progress, support financial needs with practical work if necessary, and avoid rushed emotional decisions. Clear priorities and gradual planning create stronger long-term success."
"I am facing study pressure, money problems, and career confusion situation 21","A balanced plan is the best decision here. Maintain academic progress, support financial needs with practical work if necessary, and avoid rushed emotional decisions. Clear priorities and gradual planning create stronger long-term success."
"I am facing study pressure, money problems, and career confusion situation 22","A balanced plan is the best decision here. Maintain academic progress, support financial needs with practical work if necessary, and avoid rushed emotional decisions. Clear priorities and gradual planning create stronger long-term success."
"I am facing study pressure, money problems, and career confusion situation 23","A balanced plan is the best decision here. Maintain academic progress, support financial needs with practical work if necessary, and avoid rushed emotional decisions. Clear priorities and gradual planning create stronger long-term success."
"I am facing study pressure, money problems, and career confusion situation 24","A balanced plan is the best decision here. Maintain academic progress, support financial needs with practical work if necessary, and avoid rushed emotional decisions. Clear priorities and gradual planning create stronger long-term success."
"I am facing study pressure, money problems, and career confusion situation 25","A balanced plan is the best decision here. Maintain academic progress, support financial needs with practical work if necessary, and avoid rushed emotional decisions. Clear priorities and gradual planning create stronger long-term success."
"I am facing study pressure, money problems, and career confusion situation 26","A balanced plan is the best decision here. Maintain academic progress, support financial needs with practical work if necessary, and avoid rushed emotional decisions. Clear priorities and gradual planning create stronger long-term success."
"I am facing study pressure, money problems, and career confusion situation 27","A balanced plan is the best decision here. Maintain academic progress, support financial needs with practical work if necessary, and avoid rushed emotional decisions. Clear priorities and gradual planning create stronger long-term success."
"I am facing study pressure, money problems, and career confusion situation 28","A balanced plan is the best decision here. Maintain academic progress, support financial needs with practical work if necessary, and avoid rushed emotional decisions. Clear priorities and gradual planning create stronger long-term success."
"I am facing study pressure, money problems, and career confusion situation 29","A balanced plan is the best decision here. Maintain academic progress, support financial needs with practical work if necessary, and avoid rushed emotional decisions. Clear priorities and gradual planning create stronger long-term success."
"I am facing study pressure, money problems, and career confusion situation 30","A balanced plan is the best decision here. Maintain academic progress, support financial needs with practical work if necessary, and avoid rushed emotional decisions. Clear priorities and gradual planning create stronger long-term success."
"I am facing study pressure, money problems, and career confusion situation 31","A balanced plan is the best decision here. Maintain academic progress, support financial needs with practical work if necessary, and avoid rushed emotional decisions. Clear priorities and gradual planning create stronger long-term success."
"I am facing study pressure, money problems, and career confusion situation 32","A balanced plan is the best decision here. Maintain academic progress, support financial needs with practical work if necessary, and avoid rushed emotional decisions. Clear priorities and gradual planning create stronger long-term success."
"I am facing study pressure, money problems, and career confusion situation 33","A balanced plan is the best decision here. Maintain academic progress, support financial needs with practical work if necessary, and avoid rushed emotional decisions. Clear priorities and gradual planning create stronger long-term success."
"I am facing study pressure, money problems, and career confusion situation 34","A balanced plan is the best decision here. Maintain academic progress, support financial needs with practical work if necessary, and avoid rushed emotional decisions. Clear priorities and gradual planning create stronger long-term success."
"I am facing study pressure, money problems, and career confusion situation 35","A balanced plan is the best decision here. Maintain academic progress, support financial needs with practical work if necessary, and avoid rushed emotional decisions. Clear priorities and gradual planning create stronger long-term success."
"I am facing study pressure, money problems, and career confusion situation 36","A balanced plan is the best decision here. Maintain academic progress, support financial needs with practical work if necessary, and avoid rushed emotional decisions. Clear priorities and gradual planning create stronger long-term success."
"I am facing study pressure, money problems, and career confusion situation 37","A balanced plan is the best decision here. Maintain academic progress, support financial needs with practical work if necessary, and avoid rushed emotional decisions. Clear priorities and gradual planning create stronger long-term success."
"I am facing study pressure, money problems, and career confusion situation 38","A balanced plan is the best decision here. Maintain academic progress, support financial needs with practical work if necessary, and avoid rushed emotional decisions. Clear priorities and gradual planning create stronger long-term success."
"I am facing study pressure, money problems, and career confusion situation 39","A balanced plan is the best decision here. Maintain academic progress, support financial needs with practical work if necessary, and avoid rushed emotional decisions. Clear priorities and gradual planning create stronger long-term success."
"I am facing study pressure, money problems, and career confusion situation 40","A balanced plan is the best decision here. Maintain academic progress, support financial needs with practical work if necessary, and avoid rushed emotional decisions. Clear priorities and gradual planning create stronger long-term success."
"I am facing study pressure, money problems, and career confusion situation 41","A balanced plan is the best decision here. Maintain academic progress, support financial needs with practical work if necessary, and avoid rushed emotional decisions. Clear priorities and gradual planning create stronger long-term success."
"I am facing study pressure, money problems, and career confusion situation 42","A balanced plan is the best decision here. Maintain academic progress, support financial needs with practical work if necessary, and avoid rushed emotional decisions. Clear priorities and gradual planning create stronger long-term success."
"I am facing study pressure, money problems, and career confusion situation 43","A balanced plan is the best decision here. Maintain academic progress, support financial needs with practical work if necessary, and avoid rushed emotional decisions. Clear priorities and gradual planning create stronger long-term success."
"I am facing study pressure, money problems, and career confusion situation 44","A balanced plan is the best decision here. Maintain academic progress, support financial needs with practical work if necessary, and avoid rushed emotional decisions. Clear priorities and gradual planning create stronger long-term success."
"I am facing study pressure, money problems, and career confusion situation 45","A balanced plan is the best decision here. Maintain academic progress, support financial needs with practical work if necessary, and avoid rushed emotional decisions. Clear priorities and gradual planning create stronger long-term success."
"I am facing study pressure, money problems, and career confusion situation 46","A balanced plan is the best decision here. Maintain academic progress, support financial needs with practical work if necessary, and avoid rushed emotional decisions. Clear priorities and gradual planning create stronger long-term success."
"I am facing study pressure, money problems, and career confusion situation 47","A balanced plan is the best decision here. Maintain academic progress, support financial needs with practical work if necessary, and avoid rushed emotional decisions. Clear priorities and gradual planning create stronger long-term success."
"I am facing study pressure, money problems, and career confusion situation 48","A balanced plan is the best decision here. Maintain academic progress, support financial needs with practical work if necessary, and avoid rushed emotional decisions. Clear priorities and gradual planning create stronger long-term success."
"I am facing study pressure, money problems, and career confusion situation 49","A balanced plan is the best decision here. Maintain academic progress, support financial needs with practical work if necessary, and avoid rushed emotional decisions. Clear priorities and gradual planning create stronger long-term success."
"I am facing study pressure, money problems, and career confusion situation 50","A balanced plan is the best decision here. Maintain academic progress, support financial needs with practical work if necessary, and avoid rushed emotional decisions. Clear priorities and gradual planning create stronger long-term success."
"I am facing study pressure, money problems, and career confusion situation 51","A balanced plan is the best decision here. Maintain academic progress, support financial needs with practical work if necessary, and avoid rushed emotional decisions. Clear priorities and gradual planning create stronger long-term success."
"I am facing study pressure, money problems, and career confusion situation 52","A balanced plan is the best decision here. Maintain academic progress, support financial needs with practical work if necessary, and avoid rushed emotional decisions. Clear priorities and gradual planning create stronger long-term success."
"I am facing study pressure, money problems, and career confusion situation 53","A balanced plan is the best decision here. Maintain academic progress, support financial needs with practical work if necessary, and avoid rushed emotional decisions. Clear priorities and gradual planning create stronger long-term success."
"I am facing study pressure, money problems, and career confusion situation 54","A balanced plan is the best decision here. Maintain academic progress, support financial needs with practical work if necessary, and avoid rushed emotional decisions. Clear priorities and gradual planning create stronger long-term success."
"I am facing study pressure, money problems, and career confusion situation 55","A balanced plan is the best decision here. Maintain academic progress, support financial needs with practical work if necessary, and avoid rushed emotional decisions. Clear priorities and gradual planning create stronger long-term success."
"I am facing study pressure, money problems, and career confusion situation 56","A balanced plan is the best decision here. Maintain academic progress, support financial needs with practical work if necessary, and avoid rushed emotional decisions. Clear priorities and gradual planning create stronger long-term success."
"I am facing study pressure, money problems, and career confusion situation 57","A balanced plan is the best decision here. Maintain academic progress, support financial needs with practical work if necessary, and avoid rushed emotional decisions. Clear priorities and gradual planning create stronger long-term success."
"I am facing study pressure, money problems, and career confusion situation 58","A balanced plan is the best decision here. Maintain academic progress, support financial needs with practical work if necessary, and avoid rushed emotional decisions. Clear priorities and gradual planning create stronger long-term success."
"I am facing study pressure, money problems, and career confusion situation 59","A balanced plan is the best decision here. Maintain academic progress, support financial needs with practical work if necessary, and avoid rushed emotional decisions. Clear priorities and gradual planning create stronger long-term success."
"I am facing study pressure, money problems, and career confusion situation 60","A balanced plan is the best decision here. Maintain academic progress, support financial needs with practical work if necessary, and avoid rushed emotional decisions. Clear priorities and gradual planning create stronger long-term success."
